,ms,theta,u,muhs,mu3,yt,lamh,lams,lammix,muh2,mus2,Pih,Pis,lamh_tilde,Lam_CP,th_bool,isEWSB,edm_Bool,h_low_0,s_low_0,h_high_0,s_high_0,Tnuc_0,dT_0,alpha_0,vwf_0,xi_J_0,v_calculable_0,num_FOPT,alpha_max,dT_max,tran_type
0,615.2390605745729,-0.0004004721355241915,777.7789932589385,19.436521337889985,830.4086945163065,0.7832840553250097,0.12907457609599615,0.8473159134161735,-0.02423088035410329,15611.984799229585,-133276.01222692017,0.30141262777691885,0.20779049829502616,0.12890134213643092,979.9858375096262,True,True,True,,,,,,,,,,,,,,
1,602.6649289888521,-0.00016528220834068744,-216.16052691968616,164.0277652675386,-213.5176156104544,0.9611219530352499,0.1290741743605018,4.1343837158619365,0.7577444445916567,-9929.623315388526,146993.82853876043,0.4115501064352201,1.1598866697307602,0.09435457146620357,752.4027371263503,True,True,True,,,,,,,,,,,,,,
2,57.92390944553685,0.0008354107195977323,-249.0960343127557,100.23196301638524,-45.58143376408958,0.7837958511890697,0.1290740252739251,0.020260153480160414,0.4022153654049496,-4665.137455696935,-10102.110356367753,0.31938145219287856,0.07210093260419838,-1.8671744277086264,314.3874399769617,True,True,True,,,,,,,,,,,,,,
3,287.01988338030816,0.000732151068671096,364.03548656543194,-42.34712975853586,86.74099516210435,0.8703626232670648,0.12907439111741667,0.41665447762350266,0.11578178683688495,79.72140295225199,23622.494049391367,0.34324569258407045,0.12346058387868983,0.1210309025177002,643.4516649453117,True,True,True,9.260351521948144e-06,308.08391589502787,0.00010425752937992927,306.2926616912017,470.525897615424,0.013711206187622338,2.026468397224424e-06,0.0033265460706665625,0.5785114148136308,True,1.0,2.026468397224424e-06,0.013711206187622338,noneSNR
4,967.5867959599409,-0.0013372213315312371,919.1492327696062,601.1818505051187,463.4371584043081,0.7336804715942317,0.12908767480379965,0.8179187665371868,-0.6486235043197645,286410.3934119245,265203.6152131808,0.25659109856700335,0.09637577424766929,0.0004953048863025611,992.4461548376341,True,True,True,,,,,,,,,,,,,,
5,447.12936024507104,-0.0008698997203290677,457.31246572440443,66.66062856764904,-401.90873767643427,0.7713711477224167,0.12907524632078332,0.049117659365701484,-0.1443422745331854,23215.071677087326,194113.23281792997,0.29177820551823536,-0.01177763091410553,0.023030432263732678,554.3143593208472,True,True,True,,,,,,,,,,,,,,
