,ms,theta,u,muhs,mu3,yt,lamh,lams,lammix,muh2,mus2,Pih,Pis,lamh_tilde,Lam_CP,th_bool,isEWSB,edm_Bool,h_low_0,s_low_0,h_high_0,s_high_0,Tnuc_0,dT_0,alpha_0,vwf_0,xi_J_0,v_calculable_0,num_FOPT,alpha_max,dT_max,tran_type
0,117.44252219076449,-0.00028720668081430925,485.1128257170751,180.35402292405786,385.0922472548366,0.7584814523375629,0.12907409477844708,0.45015396791486284,-0.37178193824426314,51569.25400212305,-80876.58529407281,0.2773711435928142,0.05057483560467185,0.05231046530023106,564.6035206165222,True,True,True,,,,,,,,,,,,,,
1,141.3084985763044,4.8653587442226424e-05,134.8569605608197,96.54028654430005,3.7948762419553077,0.9553453236018905,0.12907409612484722,1.159546141177932,-0.7158780679065646,14333.261290459748,20576.012362465866,0.3473814489770605,0.1705735239767222,0.01858228602985855,436.00206133250964,True,True,True,,,,,,,,,,,,,,
2,393.74789654565103,-0.0007042693297683955,386.69298441573187,80.62372344734825,-112.90339213767237,0.7431933495692472,0.1290746663395823,0.3935536410506837,-0.20746430360242432,23489.19630985152,102538.8526822586,0.278478557809423,0.06381102632893354,0.10173313472884071,429.5287066983168,True,True,True,,,,,,,,,,,,,,
3,768.0503003434576,-0.001470287639912535,723.9992606859619,467.00476638490545,855.1921589236492,0.7828633646040529,0.12908433608986572,1.171944381344078,-0.6402981285035279,178121.36716907323,-4711.070009596402,0.27558332317915724,0.1862697405854315,0.0416267528010323,910.9583274467809,True,True,True,,,,,,,,,,,,,,
4,975.4880657487074,-0.0004107395653703445,659.7463708664461,-877.2330276728042,375.1148255286603,0.8293482565978094,0.12907539851752622,1.331095621068601,1.3320186256802689,-281036.74745810573,331970.7835713234,0.37649458992130763,0.554777009547195,-0.2041601690622786,979.2878941486906,True,True,True,,,,,,,,,,,,,,
5,465.55149856850375,-0.000974242906995822,417.80319342617406,245.70313487415717,406.7619922572346,0.7713813643839011,0.12907567045917864,1.1586525528851732,-0.5861788499255964,59317.85791813146,32365.083265775,0.2733725007244585,0.19196666323369388,0.05493661055625977,506.44122169924674,True,True,True,2.9769715275176856e-05,291.3586780863372,1.0752125526454689e-05,287.1510078193335,663.3499320204086,0.10468462261610512,4.975043050831907e-06,0.0012711056104996819,0.5791685742599885,True,1.0,4.975043050831907e-06,0.10468462261610512,noneSNR
