,ms,theta,u,muhs,mu3,yt,lamh,lams,lammix,muh2,mus2,Pih,Pis,lamh_tilde,Lam_CP,th_bool,isEWSB,edm_Bool,h_low_0,s_low_0,h_high_0,s_high_0,Tnuc_0,dT_0,alpha_0,vwf_0,xi_J_0,v_calculable_0,num_FOPT,alpha_max,dT_max,tran_type
0,96.71738777364347,0.0014325920943979223,-202.62367435047614,-95.85479330398667,-142.592034478126,0.8425907756891277,0.12907398950015084,0.6403901234681678,-0.473248808875971,17531.262842081782,-2605.916014062319,0.30680958011142156,0.08122272938771345,0.04164117827501877,317.01320373696535,True,True,True,,,,,,,,,,,,,,
1,524.7455075787186,-0.0016236865476649952,-426.8927898348247,-2.4739780127683844,446.25526605515574,0.9127438535975996,0.1290797439424596,0.23329355610568528,-0.009807525929299092,7986.570492515514,232896.38023531303,0.35690804253963493,0.05668880137153814,0.12897666826555332,953.7648542102766,True,True,True,,,,,,,,,,,,,,
2,650.631351479634,-0.0011862458391375154,737.627645496493,-831.1295376056715,84.96869437114401,0.7946093296348442,0.12907882816045324,0.4152282663011599,1.129423229044159,-297983.5749853954,163328.88235792617,0.3539511938881609,0.29204427141598316,-0.6389305619922877,965.418303319947,True,True,True,,,,,,,,,,,,,,
3,380.6803045593812,-0.0005710600363427907,304.349545928942,93.73847743283216,117.548631188674,0.8631975096582593,0.12907444378084168,1.0257508806472166,-0.3070109269700194,22134.034918172554,59267.90106969886,0.3225240670154687,0.20526923233346758,0.10610207518303989,520.3629746836693,True,True,True,-5.783601765811965e-06,209.69324858309562,-0.000221723426022214,205.87259702082645,538.1615884993936,0.49704059230532494,5.6968996190398e-06,0.0010375818205321785,0.5792958059691555,True,1.0,5.6968996190398e-06,0.49704059230532494,noneSNR
4,946.1405140433238,0.00023552608865683275,223.115560112695,461.181462619737,-428.59399534688305,0.974401063601486,0.12907449850236066,8.660019027954032,-2.0707783214554887,59178.29362954331,526612.2338591564,0.3001206592895386,1.8198750367459267,0.005283694961161656,967.0278007013278,True,True,True,,,,,,,,,,,,,,
5,90.45054807957007,-0.0001369396454180772,-700.0179498413012,-233.45585540906006,-486.45612717925684,0.7100043909604149,0.12907409488556043,0.36612078931005626,-0.33349388063663454,89536.85213862917,-161119.45362659259,0.2611695097907647,0.035947883888074975,0.05313046393819659,705.7906278192829,True,True,True,,,,,,,,,,,,,,
