,ms,theta,u,muhs,mu3,yt,lamh,lams,lammix,muh2,mus2,Pih,Pis,lamh_tilde,Lam_CP,th_bool,isEWSB,edm_Bool,h_low_0,s_low_0,h_high_0,s_high_0,Tnuc_0,dT_0,alpha_0,vwf_0,xi_J_0,v_calculable_0,num_FOPT,alpha_max,dT_max,tran_type
0,26.57711232859876,0.0003257794362116429,88.65556597077335,114.07590525919426,146.54043718528612,0.9627073768108816,0.12907408295994083,3.352194728345344,-1.286508448746561,12881.361616603812,13362.744818132218,0.32713537803579606,0.6236306072952424,0.005639727051174118,315.4721767403547,True,True,True,,,,,,,,,,,,,,
1,849.3614987781214,0.0009440567086669329,-616.0437992239988,-448.926950469552,-244.01900736773587,0.8181374277052977,0.12907928465691634,1.1776059410061255,-0.7243327167819736,146936.99158208445,296719.92939272214,0.2861978070276797,0.17367936578786908,0.01769697366235383,876.501842125052,True,True,True,,,,,,,,,,,,,,
2,515.1468991138111,-0.000657175917338357,-162.5488213036391,471.064256152108,-19.684687934530416,0.9689579984920484,0.1290749857040137,3.4203545972508977,2.8938854016802766,-30515.83894706008,87049.0077913796,0.5043374338778577,1.3374028829261038,-0.48303791662410017,637.0825253156526,True,True,True,,,,,,,,,,,,,,
3,417.7542959204484,0.0005710653687889605,276.64655709369754,-706.1418672480671,687.4470190515426,0.9518390833106835,0.12907452341687484,1.8772157894903108,2.5511734909744335,-89903.05098147613,-46550.66931944268,0.4818370492072129,0.89449952920165,-0.737699320257461,858.8541642786595,True,True,True,,,,,,,,,,,,,,
4,677.918928340833,-6.110264467400949e-06,328.06795217689387,346.8500698131231,141.5105678829168,0.947798312681365,0.12907409617719923,2.499528836701397,-1.0572171100858467,64720.75736076588,222596.67806664362,0.3295682274608435,0.4486793574943747,0.01728222550075431,975.1366418003308,True,True,True,-2.7980192424159783e-05,214.49377229371714,-1.4331053520311511e-06,16.391822900873144,665.5851316643017,80.60717355914721,0.00023155483432764508,0.13939554820535874,0.589640460612212,True,1.0,0.00023155483432764508,80.60717355914721,s-sym
5,384.6855945885013,0.0013979008831163198,-302.60290699615837,813.1702364807263,-674.5880643968652,0.9395037608705524,0.12907622919708892,1.4779747717777616,2.6897349808425495,-115096.26930885104,-68721.09255722539,0.4817787165515389,0.8177828564181986,-1.0946717002865014,829.9694699944682,True,True,True,,,,,,,,,,,,,,
