,ms,theta,u,muhs,mu3,yt,lamh,lams,lammix,muh2,mus2,Pih,Pis,lamh_tilde,Lam_CP,th_bool,isEWSB,edm_Bool,h_low_0,s_low_0,h_high_0,s_high_0,Tnuc_0,dT_0,alpha_0,vwf_0,xi_J_0,v_calculable_0,num_FOPT,alpha_max,dT_max,tran_type
0,619.2802995297878,0.0001685595289262367,-772.0671002856421,427.09249234571644,-682.5650445598772,0.7147205516372812,0.12907418225566805,0.7496622295362341,0.5535067431131497,-156951.0477678401,-80111.76355819154,0.2998077207361337,0.27966668123625016,0.02690493102459801,788.9680151715993,True,True,True,,,,,,,,,,,,,,
1,354.9868113898831,-0.0015832494366045575,688.5484157552028,-449.7437795896315,279.73099362715834,0.7538075476891115,0.12907637814696896,0.3151533457768125,0.6542074854761203,-146766.94311907905,-43163.23102002793,0.31835477095200104,0.18782291735688983,-0.21043091234208974,789.8900268217242,True,True,True,-2.715797985884184e-05,610.5750234089828,6.6594438081927515e-06,605.94077195185,669.0596135796568,0.27555559110919603,2.292097991624223e-06,0.0010019656070288428,0.5785850945363231,True,1.0,2.292097991624223e-06,0.27555559110919603,noneSNR
2,756.8167946854725,0.0003484030696062334,-621.2550149121068,380.7898503772942,-406.73017827269445,0.7959605864509225,0.12907465388069886,1.0452935131243117,0.6142055031744447,-110215.1159145573,150794.47610581346,0.3330190186138522,0.3636909621434854,0.03884918242383438,816.8758121833396,True,True,True,,,,,,,,,,,,,,
3,422.6935324535329,-0.002280469844990607,-158.0011866482476,367.240353934852,-480.0800034841028,0.9602293914284504,0.12908108944864496,3.686842942593298,2.3147315833737614,-21307.32014000454,15896.873448815619,0.47599929698440246,1.3074993328772848,-0.23423668584687898,543.376406172109,True,True,True,,,,,,,,,,,,,,
4,121.50482468024788,-8.655020309775354e-05,-212.4321359890131,-110.69297425653008,-413.91342663277555,0.9626702823436185,0.12907409598585232,1.3127747604976894,-0.5210730615022771,19581.159538285658,-28686.340987250922,0.35901067046929364,0.24134817987404283,0.07736737073611864,755.5213742450271,True,True,True,,,,,,,,,,,,,,
5,115.26157113412705,-0.0009741747955754951,-79.55155492154645,-120.44208751577128,-124.32990920497659,0.9704591751459948,0.12907407754785438,5.456422629967595,-1.5138954917418301,12614.802389533914,24643.620635973035,0.3214072945196889,1.1117897422015939,0.024065736215895986,319.98595294613915,True,True,True,,,,,,,,,,,,,,
