,ms,theta,u,muhs,mu3,lamh,lams,lammix,muh2,mus2,Pih,Pis,lamh_tilde,th_bool,h_low_0,s_low_0,h_high_0,s_high_0,Tnuc_0,dT_0,alpha_0,num_FOPT,alpha_max,dT_max,tran_type,h_low_1,s_low_1,h_high_1,s_high_1,Tnuc_1,dT_1,alpha_1,h_low_2,s_low_2,h_high_2,s_high_2,Tnuc_2,dT_2,alpha_2,vwf_0,xi_J_0,v_calculable_0,vwf_1,xi_J_1,v_calculable_1,isEWSB,vw,Lh,dh,h0,Ls,ds,shigh,slow,Type,alpha_p,vm,vp,xi_s,Tp/TN
0,417.7757245324067,-0.2018243299482549,244.9887572321788,-696.1630886125428,684.1542934766659,0.1817400756771997,2.079663219322083,3.35895128408148,-58734.78352939543,-27110.678287919458,0.5653278232540717,1.0797410188441008,-1.174555696639056,True,144.20911661410034,265.1142497013979,-6.23458499072121e-05,281.29870719578525,127.87840242710436,4.487768766327875,0.0029784916832688193,1.0,0.0029784916832688193,4.487768766327875,hs-SNR,,,,,,,,,,,,,,,0.17190837665954492,0.6201633075350687,True,,,,True,0.27011306549404457,0.20809031051588622,0,142.4121379057733,0.17506975262239602,0.5002521346631258,281.2938282538039,265.3512039454444,Deflagration,0.0029650288841638174,0.27011306549404457,0.2672652428208729,0.5773502693787641,1.001133402797924
