,ms,theta,u,muhs,mu3,lamh,lams,lammix,muh2,mus2,Pih,Pis,lamh_tilde,th_bool,h_low_0,s_low_0,h_high_0,s_high_0,Tnuc_0,dT_0,alpha_0,num_FOPT,alpha_max,dT_max,tran_type,h_low_1,s_low_1,h_high_1,s_high_1,Tnuc_1,dT_1,alpha_1,h_low_2,s_low_2,h_high_2,s_high_2,Tnuc_2,dT_2,alpha_2,vwf_0,xi_J_0,v_calculable_0,vwf_1,xi_J_1,v_calculable_1,isEWSB,vw,Lh,dh,h0,Ls,ds,shigh,slow,Type,alpha_p,vm,vp,xi_s,Tp/TN
0,431.7102416885898,-0.20963752548392087,199.0593136368197,-566.512952020982,115.50355344261101,0.19006439163885905,1.460193007291193,3.555036784943562,-30815.55904877148,56357.955084699875,0.5776602104374882,0.9575543826467252,-1.9737397217891268,True,176.7452866510217,213.66559930743458,-8.163248803784986e-06,238.6018469373535,119.0585683870095,11.349704065627222,0.005357889588669621,1.0,0.005357889588669621,11.349704065627222,hs-SNR,,,,,,,,,,,,,,,0.2843996599335684,0.6339588654626899,True,,,,True,0.4277412958430117,0.17674632349528663,0,172.76301674095285,0.17674628834687992,0.3791357481145044,238.57977851758818,214.40802569261518,Deflagration,0.005208675240380531,0.4277412958430117,0.4158872199093369,0.5773510663178142,1.0070860288473722
