,ms,theta,u,muhs,mu3,lamh,lams,lammix,muh2,mus2,Pih,Pis,lamh_tilde,th_bool,h_low_0,s_low_0,h_high_0,s_high_0,Tnuc_0,dT_0,alpha_0,num_FOPT,alpha_max,dT_max,tran_type,h_low_1,s_low_1,h_high_1,s_high_1,Tnuc_1,dT_1,alpha_1,h_low_2,s_low_2,h_high_2,s_high_2,Tnuc_2,dT_2,alpha_2,vwf_0,xi_J_0,v_calculable_0,vwf_1,xi_J_1,v_calculable_1,isEWSB,vw,Lh,dh,h0,Ls,ds,shigh,slow,Type,alpha_p,vm,vp,xi_s,Tp/TN
0,409.78702601847533,-0.2235527784324974,187.44230389717086,-523.9636934432248,121.3497027110257,0.19081089261942305,1.4013019274136342,3.50866918154724,-25009.192009512553,48107.3698800021,0.5761014774529234,0.9351036787779484,-2.0054965527469717,True,199.47621151328053,197.9169737887577,0.0001027203402835397,232.3143443382393,109.63757928325128,22.76969846759129,0.008618191608826785,1.0,0.008618191608826785,22.76969846759129,hs-SNR,,,,,,,,,,,,,,,0.40616211324772894,0.6480524123875434,True,,,,True,0.5194332844155897,0.1410867761284099,0,191.89380320615064,0.14108675454795483,0.34098313623232523,232.23737801059258,199.6013226304879,Deflagration,0.007748774642263546,0.5194332844155897,0.48216084130007075,0.5787023802753367,1.0269416992513125
