,ms,theta,u,muhs,mu3,lamh,lams,lammix,muh2,mus2,Pih,Pis,lamh_tilde,th_bool,h_low_0,s_low_0,h_high_0,s_high_0,Tnuc_0,dT_0,alpha_0,vwf_0,xi_J_0,v_calculable_0,num_FOPT,alpha_max,dT_max,tran_type,h_low_1,s_low_1,h_high_1,s_high_1,Tnuc_1,dT_1,alpha_1,vwf_1,xi_J_1,v_calculable_1,h_low_2,s_low_2,h_high_2,s_high_2,Tnuc_2,dT_2,alpha_2,vwf_2,xi_J_2,v_calculable_2,vw,Lh,dh,h0,Ls,ds,shigh,slow,Type,alpha_p,vm,vp,xi_s,Tp/TN
0,127.57560101527432,-0.01941367346012115,116.94358291205702,-123.97582017432043,641.1078286155763,0.12907604827651148,2.1614470481172865,1.060556950058201,577.6789869758077,-45401.094626498896,0.44322937896942427,0.7171212537056885,-0.0010197879014423594,True,228.98569218025762,115.41692233986085,1.3615316330486308e-06,3.280323260796888,85.6482756618142,42.65173717229486,0.02459824176603428,0.6754287659012291,0.6907578488317082,True,1.0,0.02459824176603428,42.65173717229486,hs-SNR,,,,,,,,,,,,,,,,,,,,,0.473365800198801,0.12457369809636601,0,226.00205119171218,0.12457368157475537,0.5238133063324748,3.496108067511292,115.12573748438277,Deflagration,0.021158242216564347,0.473365800198801,0.4130833391516536,0.578393117814521,1.0383795373168652
