,ms,theta,u,muhs,mu3,lamh,lams,lammix,muh2,mus2,Pih,Pis,lamh_tilde,th_bool,h_low_0,s_low_0,h_high_0,s_high_0,Tnuc_0,dT_0,alpha_0,vwf_0,xi_J_0,v_calculable_0,num_FOPT,alpha_max,dT_max,tran_type,vw,Lh,dh,h0,Ls,ds,shigh,slow,Type,alpha_p,vm,vp,xi_s,Tp/TN,vel_converged
0,944.4498239300676,0.2274728188114952,207.11729024479786,-606.6985313714285,148.05219135262726,0.4967125187653702,9.199865567257387,-0.8465630806477444,-113707.55496494875,249553.2978374468,0.547584279601106,2.158872545039724,0.4772375317594065,True,235.82772645282498,204.79641812031662,-1.022759180871717e-05,166.6386721355083,76.30606636019681,115.32730596853979,0.042595253798542114,0.7622340436721637,0.7204751176423815,False,1.0,0.042595253798542114,115.32730596853979,hs-SNR,0.7161616161616161,0.052513896632174,0,220.28704272102195,0.0447528082286979,0.3538734722400456,167.15871975423886,201.40939964774753,Hybrid,0.01704394112487538,0.5773502691896258,0.46153427284186893,0.7168679933860314,1.2573256704209843,False
