,ms,theta,u,muhs,mu3,lamh,lams,lammix,muh2,mus2,Pih,Pis,lamh_tilde,th_bool,h_low_0,s_low_0,h_high_0,s_high_0,Tnuc_0,dT_0,alpha_0,num_FOPT,alpha_max,dT_max,tran_type,h_low_1,s_low_1,h_high_1,s_high_1,Tnuc_1,dT_1,alpha_1,h_low_2,s_low_2,h_high_2,s_high_2,Tnuc_2,dT_2,alpha_2,vwf_0,xi_J_0,v_calculable_0,vwf_1,xi_J_1,v_calculable_1,isEWSB,vw,Lh,dh,h0,Ls,ds,shigh,slow,Type,alpha_p,vm,vp,xi_s,Tp/TN
0,853.0882258528765,0.2248944846773256,201.98076208596146,-617.213559363154,140.40150013816162,0.4211969924425557,7.697908649037394,-0.057240791481678974,-100302.2494606984,191339.51215871907,0.5427149451549513,1.914937030345736,0.4210905834047627,True,228.45310416424684,198.0683524483033,1.2486154404898413e-05,161.3666207309811,87.56428399990101,116.75369624643987,0.024322656665999698,1.0,0.024322656665999698,116.75369624643987,hs-SNR,,,,,,,,,,,,,,,0.6654946888549776,0.6902033325532383,True,,,,True,0.6114584308848805,0.044508737854012215,0,217.8123432393897,0.037987673802144094,0.3445053903493475,161.63804474945834,195.8100922510491,Hybrid,0.015437405097706162,0.5773502691896258,0.4675176269658233,0.6306161115489551,1.1203641494924979
