,ms,theta,u,muhs,mu3,lamh,lams,lammix,muh2,mus2,Pih,Pis,lamh_tilde,th_bool,h_low_0,s_low_0,h_high_0,s_high_0,Tnuc_0,dT_0,alpha_0,num_FOPT,alpha_max,dT_max,tran_type,h_low_1,s_low_1,h_high_1,s_high_1,Tnuc_1,dT_1,alpha_1,h_low_2,s_low_2,h_high_2,s_high_2,Tnuc_2,dT_2,alpha_2,vwf_0,xi_J_0,v_calculable_0,vwf_1,xi_J_1,v_calculable_1,isEWSB,vw,Lh,dh,h0,Ls,ds,shigh,slow,Type,alpha_p,vm,vp,xi_s,Tp/TN
0,400.7081426766653,0.2005656865975141,315.67047954397947,-946.722082893102,72.38821226004481,0.17652044527892666,0.4353936830144728,2.6350413047321206,-156864.4234425428,9502.120757904602,0.5325550922487119,0.5480219715423049,-3.810355655891765,True,233.93329585133483,313.27138881363203,1.9938345153538872e-06,250.336926227512,79.4135346787628,118.43224725662519,0.04262988278897262,1.0,0.04262988278897262,118.43224725662519,hs-SNR,,,,,,,,,,,,,,,0.7665812542568096,0.7205230104251528,False,,,,True,0.7111238394663619,0.03509822524427684,0,213.89318712467696,0.03509821482548309,0.012085448195615429,241.83750128307855,304.2146090789894,Hybrid,0.01663784871098969,0.5773502691896258,0.4630223862603301,0.7121703671790724,1.2485381452400084
